test_start,test_end,sharpe,return,drawdown,params
2021-02-08,2021-08-07,0.0,0.0,0.0,"{'lookback_period': None, 'fast_window': 21, 'slow_window': 63, 'lookback_window': None, 'entry_threshold': None, 'stop_loss': None, 'reasoning': 'Given the unknown market regime and lack of technical data, standard and widely-tested momentum parameters are chosen. A 21-day fast window (approximately one trading month) and a 63-day slow window (approximately three trading months) are common choices for capturing short-to-medium term price trends in liquid assets like SPY, providing a balanced approach without specific market insights.'}"
2021-08-07,2022-02-03,0.0,0.0,0.0,"{'lookback_period': None, 'fast_window': 63, 'slow_window': 252, 'lookback_window': None, 'entry_threshold': None, 'stop_loss': None, 'reasoning': 'Given the unknown market regime and lack of technical data for SPY, a robust and empirically supported momentum strategy is chosen. The fast window of 63 trading days (approximately 3 months) and slow window of 252 trading days (approximately 12 months) are standard lookback periods for capturing medium-to-long term price momentum, aiming to identify persistent trends while minimizing short-term noise. These parameters are widely used and have shown efficacy across various market conditions for broad market indices.'}"
2022-02-03,2022-08-02,0.0,0.0,0.0,"{'lookback_period': None, 'fast_window': 50, 'slow_window': 200, 'lookback_window': None, 'entry_threshold': None, 'stop_loss': None, 'reasoning': 'Given the unknown market regime and lack of technical data, standard and widely accepted moving average windows for momentum are selected. The 50-day and 200-day moving averages are robust for capturing medium-to-long term trends in broad market indices like SPY, providing a solid baseline for strategy performance without specific market insights.'}"
2022-08-02,2023-01-29,1.431356170841094,0.002297726629491237,0.0,"{'lookback_period': None, 'fast_window': 50, 'slow_window': 200, 'lookback_window': None, 'entry_threshold': None, 'stop_loss': None, 'reasoning': 'Given the unknown market regime and lack of technical data, standard and widely-used parameters for a trend-following momentum strategy are selected. The 50-day and 200-day moving averages are robust choices for identifying medium-term and long-term trends in broad market indices like SPY, providing a balance between responsiveness and stability.'}"
2023-01-29,2023-07-28,0.0,0.0,0.0,"{'lookback_period': None, 'fast_window': 50, 'slow_window': 200, 'lookback_window': None, 'entry_threshold': None, 'stop_loss': None, 'reasoning': 'The 50-day and 200-day Simple Moving Averages (SMAs) are widely recognized and robust parameters for trend-following momentum strategies, especially for broad market ETFs like SPY. In the absence of specific market regime information or technical data, these parameters provide a balanced approach to capture medium-to-long term trends, reducing noise while remaining responsive enough to significant shifts. This combination is a standard in quantitative finance for identifying sustained momentum.'}"
2023-07-28,2024-01-24,1.4313561708410938,0.0003777491462471083,0.0,"{'lookback_period': None, 'fast_window': 63, 'slow_window': 126, 'lookback_window': None, 'entry_threshold': None, 'stop_loss': None, 'reasoning': 'Given an unknown market regime and no technical data, standard intermediate-term momentum parameters are selected. A 63-day (approx. 3 months) fast window and a 126-day (approx. 6 months) slow window are commonly used for capturing medium-term trends in broad market indices like SPY, providing a robust starting point without specific market insights.'}"
2024-01-24,2024-07-22,0.0,0.0,0.0,"{'lookback_period': None, 'fast_window': 50, 'slow_window': 200, 'lookback_window': None, 'entry_threshold': None, 'stop_loss': None, 'reasoning': 'Given an unknown market regime and no technical data, widely accepted and robust parameters are chosen for SPY. The 50-day and 200-day moving averages are classic trend-following indicators, providing a balance between responsiveness and stability for a broad market ETF.'}"
2024-07-22,2025-01-18,0.0,0.0,0.0,"{'lookback_period': None, 'fast_window': 21, 'slow_window': 126, 'lookback_window': None, 'entry_threshold': None, 'stop_loss': None, 'reasoning': 'For a momentum strategy on SPY with an unknown market regime and no technical data, widely-used parameters are optimal as a starting point. A fast window of 21 trading days (approximately 1 month) captures recent price momentum, while a slow window of 126 trading days (approximately 6 months) provides a robust medium-term trend reference. This combination is commonly used to identify and trade medium-term trends in broad market indices like SPY.'}"
2025-01-18,2025-07-17,1.4372104127412253,0.004781191670012452,0.0,"{'lookback_period': None, 'fast_window': 50, 'slow_window': 200, 'lookback_window': None, 'entry_threshold': None, 'stop_loss': None, 'reasoning': 'Given an unknown market regime and no technical data, standard and widely accepted moving average windows (50-day fast, 200-day slow) are chosen for a momentum strategy on SPY. This combination is robust for capturing intermediate-term trends against long-term trends in broad market indices, providing a balanced approach in the absence of specific market insights.'}"
